lu_fac,bal_ratio_per_hh,weight
k12_enr,0.392079056,0.2
empret_1,0.148253453,0.4
emptot_1,1.085980023,0.05
empsvc_1,0.133409274,0.1
empfoo_1,0.097047321,0.2
aparks_1,0.269931832,0.05
