lu_fac,bal_ratio_per_hh,weight
k12_enr,0.392079056,0.2
empret_2,0.148253453,0.4
emptot_2,1.085980023,0.05
empsvc_2,0.133409274,0.1
empfoo_2,0.097047321,0.2
aparks_2,0.269931832,0.05
